household_income_usd,life_expectancy_years
43600.78,76.3
19457.92,75.4
56969.47,81.1
63853.0,76.6
11264.13,75.1
16625.49,73.1
39210.67,76.3
30039.08,79.2
35951.26,68.5
21767.51,69.8
61552.07,72.2
57911.73,68.6
37783.15,73.9
71420.82,81.5
48074.42,76.2
21686.05,75.7
45308.52,81.5
20428.18,80.1
61517.08,77.8
35243.78,81.8
32502.83,76.5
24135.58,71.9
75623.68,76.3
33099.79,70.3
28085.35,72.2
29399.12,74.4
49980.37,80.7
45218.72,84.0
46520.09,71.7
47027.73,78.8
131266.98,76.2
28457.04,77.7
26706.29,75.1
22286.5,67.7
52553.54,81.3
71495.04,76.1
33915.64,74.2
21936.48,70.7
22143.77,72.4
53656.38,79.4
56723.99,77.1
50306.65,78.8
24359.91,76.7
41743.41,82.2
38949.12,75.3
41407.33,71.0
61258.46,82.3
41529.42,75.6
54575.93,82.2
37818.26,78.2
43194.64,76.5
53038.48,79.0
15149.25,81.7
29977.35,84.2
27385.7,75.9
24752.29,76.0
30789.06,80.3
89051.02,75.8
21601.14,76.3
64923.64,78.1
13230.47,74.7
29704.95,72.6
40040.7,70.4
51623.56,69.3
55644.36,73.3
58454.76,76.1
29459.3,74.7
27517.82,83.4
60765.99,82.5
32377.45,72.3
16891.88,75.6
18398.56,72.8
20917.23,73.7
48937.36,78.1
39555.32,79.2
54956.17,76.4
28103.47,80.0
39939.61,72.2
52857.47,77.7
30163.63,86.3
47765.8,78.2
24412.35,81.0
29207.12,76.2
28881.52,78.1
17720.83,74.1
48639.12,76.7
27401.65,72.5
36588.76,78.2
48457.77,74.0
47473.11,80.0
54134.72,82.0
34231.75,77.8
28170.23,74.6
34619.39,78.2
13195.08,72.2
15240.82,77.6
16422.05,66.8
19963.32,73.4
46159.8,69.3
21093.34,68.9
28943.54,81.3
79184.59,82.4
29326.35,73.0
56529.02,71.8
20740.21,63.0
32104.05,74.0
20537.07,84.5
29631.11,77.6
60125.23,75.8
12882.28,75.3
47129.49,71.0
41883.25,75.7
25425.55,75.8
15250.47,73.6
37921.66,79.8
26431.3,76.9
41756.3,79.6
36794.78,73.8
94946.36,83.0
31457.31,82.6
19651.35,70.8
40439.62,73.3
41439.84,82.2
82085.16,78.2
59938.05,83.6
44986.72,75.4
87376.51,85.0
17796.23,74.9
24739.32,76.4
20828.02,81.1
28741.98,74.4
15898.63,70.3
53161.54,75.8
31782.35,77.9
15025.68,67.6
19744.94,77.2
43831.51,74.9
60046.58,82.6
120335.45,70.5
208629.97,78.6
46566.92,70.5
20055.87,71.4
10104.86,73.7
42643.36,76.3
22297.62,74.0
28304.77,75.1
25153.24,76.2
33373.77,72.2
68843.3,81.2
39903.89,79.4
33018.36,77.8
19508.54,76.9
13295.62,74.7
27125.11,83.8
35162.32,76.1
104899.49,78.5
39267.98,73.7
65489.41,74.1
26914.56,70.6
17837.06,70.8
20351.91,74.5
23502.55,76.5
130233.18,80.5
22184.92,72.0
60059.65,81.6
21125.66,77.8
63509.44,77.5
45751.08,74.6
33057.95,78.4
35438.09,77.2
24517.13,69.5
47460.04,77.0
27639.74,76.7
17407.15,70.7
16869.08,75.0
40277.68,71.0
93662.65,84.7
39974.42,81.8
33820.32,75.3
43109.37,78.5
79507.06,69.2
41424.57,72.3
28380.11,74.6
70528.58,74.2
46969.51,80.1
91258.7,87.3
40535.79,72.1
17419.03,70.9
15980.18,75.0
97787.96,85.9
102150.19,74.7
32607.2,77.2
28856.42,83.1
87279.12,72.5
18690.54,69.4
21229.86,73.2
53422.97,75.6
28659.4,79.0
36204.07,77.5
32923.25,69.1
44468.87,79.2
84498.5,76.7
38343.91,81.8
53442.59,75.1
10613.66,70.3
35269.33,78.6
21896.06,78.0
17478.24,76.1
21442.04,68.2
29718.53,78.1
62915.1,74.0
16385.7,75.1
36989.11,70.9
27159.94,77.4
29833.77,72.7
66280.74,73.2
50154.79,80.3
81018.99,79.9
33100.27,73.8
23919.14,81.1
31751.17,74.3
42003.07,77.1
40374.11,77.9
18946.36,72.1
38341.72,78.5
41645.02,74.8
164470.16,79.4
111983.49,85.3
21764.9,70.8
30563.75,66.3
15092.22,80.3
25478.13,85.6
43886.54,75.4
74870.27,70.9
23448.22,73.9
24526.57,74.2
10012.87,71.9
32938.6,71.8
19197.81,76.9
26432.15,77.6
21458.66,68.9
34318.59,79.1
12649.37,81.5
15059.63,74.5
130293.94,79.0
16773.35,73.6
18805.95,77.0
109332.41,72.9
207531.89,82.4
17980.8,72.8
29116.22,83.2
44575.22,76.4
102459.06,86.3
20088.16,70.3
31345.73,78.4
57895.94,79.2
47139.17,73.8
28978.41,76.5
33513.59,81.1
15915.72,72.7
31479.62,69.3
30951.21,76.0
41743.62,73.3
26024.76,74.1
48190.79,77.0
66677.94,71.5
39865.14,70.3
44848.88,79.1
37492.39,74.5
36317.34,66.2
23554.34,78.3
43909.96,78.2
34256.38,73.5
127503.74,75.0
93340.83,82.7
45775.67,78.6
22975.09,84.7
18630.46,76.2
74212.34,80.2
42516.59,76.3
48440.23,80.6
12749.51,75.9
63352.08,83.2
47698.36,75.2
18652.61,72.8
27366.78,73.7
42541.29,80.1
37476.9,82.6
30476.08,74.1
34129.15,74.6
31219.98,77.3
39796.63,75.8
87806.88,83.0
7785.4,62.9
31504.63,72.8
40372.63,73.7
43373.17,67.8
29052.25,72.0
12657.02,69.7
44214.02,76.3
102376.26,84.1
14467.83,72.8
60979.73,73.9
29818.52,75.7
35003.57,80.6
19307.73,70.7
29712.59,72.3
79223.38,81.1
51513.19,76.7
102681.47,82.2
73603.45,78.6
47261.53,80.1
103400.05,75.5
47258.88,77.2
59682.43,77.1
30395.73,71.1
37794.83,70.4
23897.9,78.0
65758.9,76.9
17908.27,70.3
58070.33,77.5
32390.14,80.7
73331.7,69.5
56983.75,71.9
108270.47,76.1
56300.84,83.7
14140.18,74.8
34885.55,79.4
17976.05,69.8
26609.73,71.1
89925.52,81.0
53237.61,77.9
23876.3,77.4
19767.01,73.9
37036.87,77.7
17501.89,74.9
24277.76,78.4
43791.97,80.3
72633.91,72.1
52326.43,68.6
9184.08,76.4
43591.61,81.8
37919.48,72.5
46552.42,69.8
95772.02,79.8
10530.77,76.5
25472.07,82.6
51768.84,79.6
14059.36,72.2
88042.02,75.6
45297.81,77.2
60352.06,76.8
25782.05,71.4
59175.22,86.2
68946.28,85.6
41761.36,81.5
41799.54,73.2
42710.75,80.4
21633.38,77.5
33239.12,78.0
33139.67,81.2
45708.35,79.7
66164.18,81.3
19242.53,77.1
33691.29,77.6
88333.38,72.0
23245.04,75.5
22173.43,72.8
41002.31,71.7
60272.49,84.7
36565.32,83.4
80609.87,84.3
60722.91,79.1
60179.8,83.4
50638.62,77.5
146765.57,81.5
32109.36,71.8
10914.93,74.5
95087.48,79.6
27594.74,70.5
38743.89,76.5
79676.54,78.5
13886.11,80.8
17137.28,77.8
13894.29,73.7
22550.63,76.1
47277.13,77.5
49737.41,76.6
42863.01,72.7
15558.16,73.4
9080.98,69.4
37519.35,71.6
27362.65,77.7
47840.67,78.9
55335.62,70.6
39456.14,76.3
57301.37,81.9
41669.59,81.1
49913.1,81.6
23794.17,75.4
